{"cameraMode":{"drawMode":0,"name":"Shaded","section":"Shading Mode"},"sceneLighting":false,"audioPlay":false,"sceneViewState":{"showFog":true,"showMaterialUpdate":false,"showSkybox":false,"showFlares":true,"showImageEffects":true,"showParticleSystems":true},"in2DMode":false,"pivot":{"x":-45.540000915527347,"y":15.889999389648438,"z":-56.939998626708987},"rotation":{"x":0.14201833307743073,"y":-0.001484724460169673,"z":0.00021300427033565938,"w":0.9898641705513},"size":22.0,"orthographic":false}